Path;SteerAngle;Throttle;Brake;Speed;X_Position;Y_Position;Pitch;Yaw;Roll
C:\Users\Tawfik\Desktop\IMG\robocam_2020_11_06_05_28_44_862.jpg;0;0;1;0;100.4851;85.96935;0.0002341813;270.5146;7.014685E-06
C:\Users\Tawfik\Desktop\IMG\robocam_2020_11_06_05_28_44_907.jpg;0;0;0;0;100.4851;85.96935;0.0002341833;270.5146;7.459052E-06
C:\Users\Tawfik\Desktop\IMG\robocam_2020_11_06_05_28_44_975.jpg;3.60736;0;0;0;100.4851;85.96935;0.0002348614;271.1639;6.056041E-06
C:\Users\Tawfik\Desktop\IMG\robocam_2020_11_06_05_28_45_021.jpg;1.118385;0;0;0;100.4851;85.96935;0.0002357335;271.3652;6.309866E-06
C:\Users\Tawfik\Desktop\IMG\robocam_2020_11_06_05_28_45_060.jpg;0;0;0;0;100.4851;85.96935;0.0002353148;271.3652;7.003594E-06
C:\Users\Tawfik\Desktop\IMG\robocam_2020_11_06_05_28_45_140.jpg;0;0;0;0;100.4851;85.96935;0.0002344765;271.3652;8.304342E-06
C:\Users\Tawfik\Desktop\IMG\robocam_2020_11_06_05_28_45_180.jpg;0;0;0;0;100.4851;85.96935;0.0002340567;271.3652;8.906363E-06
C:\Users\Tawfik\Desktop\IMG\robocam_2020_11_06_05_28_45_220.jpg;0;0;0;0;100.4851;85.96935;0.0002336365;271.3652;9.4717E-06
C:\Users\Tawfik\Desktop\IMG\robocam_2020_11_06_05_28_45_301.jpg;0;0;0;0;100.4851;85.96935;0.000233859;271.3652;1.022449E-05
C:\Users\Tawfik\Desktop\IMG\robocam_2020_11_06_05_28_45_380.jpg;0;0;0;0;100.4851;85.96935;0.0002342958;271.3652;1.105144E-05
C:\Users\Tawfik\Desktop\IMG\robocam_2020_11_06_05_28_45_421.jpg;0;0;0;0;100.4851;85.96935;0.0002338729;271.3652;1.139168E-05
C:\Users\Tawfik\Desktop\IMG\robocam_2020_11_06_05_28_45_463.jpg;0;0;0;0;100.4851;85.96935;0.0002343033;271.3652;1.168172E-05
C:\Users\Tawfik\Desktop\IMG\robocam_2020_11_06_05_28_45_504.jpg;0;0;0;0;100.4851;85.96935;0.0002338792;271.3652;1.191691E-05
C:\Users\Tawfik\Desktop\IMG\robocam_2020_11_06_05_28_45_586.jpg;0;0;0;0;100.4851;85.96935;0.0002338828;271.3652;1.222205E-05
C:\Users\Tawfik\Desktop\IMG\robocam_2020_11_06_05_28_45_627.jpg;0;0;0;0;100.4851;85.96935;0.0002343105;271.3652;1.228866E-05
C:\Users\Tawfik\Desktop\IMG\robocam_2020_11_06_05_28_45_667.jpg;0;0;0;0;100.4851;85.96935;0.0002338837;271.3652;1.229708E-05
C:\Users\Tawfik\Desktop\IMG\robocam_2020_11_06_05_28_45_708.jpg;0;0;0;0;100.4851;85.96935;0.00023431;271.3652;1.225031E-05
C:\Users\Tawfik\Desktop\IMG\robocam_2020_11_06_05_28_45_788.jpg;0;0;0;0;100.4851;85.96935;0.0002343069;271.3652;1.198186E-05
C:\Users\Tawfik\Desktop\IMG\robocam_2020_11_06_05_28_45_869.jpg;0;0;0;0;100.4851;85.96935;0.0002343011;271.3652;1.149831E-05
C:\Users\Tawfik\Desktop\IMG\robocam_2020_11_06_05_28_45_912.jpg;0;0;0;0;100.4851;85.96935;0.0002338703;271.3652;1.117825E-05
C:\Users\Tawfik\Desktop\IMG\robocam_2020_11_06_05_28_45_994.jpg;0;0;0;0;100.4851;85.96935;0.0002340745;271.3652;1.039869E-05
C:\Users\Tawfik\Desktop\IMG\robocam_2020_11_06_05_28_46_038.jpg;0;0;0;0;100.4851;85.96935;0.0002340661;271.3652;9.695048E-06
C:\Users\Tawfik\Desktop\IMG\robocam_2020_11_06_05_28_46_081.jpg;0;0;0;0;100.4851;85.96935;0.0002338465;271.3652;9.17736E-06
C:\Users\Tawfik\Desktop\IMG\robocam_2020_11_06_05_28_46_122.jpg;0;0;0;0;100.4851;85.96935;0.0002342668;271.3652;8.623695E-06
C:\Users\Tawfik\Desktop\IMG\robocam_2020_11_06_05_28_46_165.jpg;0;0;0;0;100.4851;85.96935;0.0002338329;271.3652;8.036853E-06
C:\Users\Tawfik\Desktop\IMG\robocam_2020_11_06_05_28_46_212.jpg;0;0;0;0;100.4851;85.96935;0.0002342525;271.3652;7.42316E-06
C:\Users\Tawfik\Desktop\IMG\robocam_2020_11_06_05_28_46_256.jpg;0;0;0;0;100.4851;85.96935;0.000233818;271.3652;6.786296E-06
C:\Users\Tawfik\Desktop\IMG\robocam_2020_11_06_05_28_46_340.jpg;-2.324012;0;0;0;100.4851;85.96935;0.0002344261;270.9469;6.924382E-06
C:\Users\Tawfik\Desktop\IMG\robocam_2020_11_06_05_28_46_378.jpg;-4.918909;0;0;0;100.4851;85.96935;0.0002346015;270.3566;8.350862E-06
C:\Users\Tawfik\Desktop\IMG\robocam_2020_11_06_05_28_46_420.jpg;-7.328135;0;0;0;100.4851;85.96935;0.000235165;269.4772;1.142576E-05
C:\Users\Tawfik\Desktop\IMG\robocam_2020_11_06_05_28_46_462.jpg;-9.848492;0;0;0;100.4851;85.96935;0.0002360877;268.2954;1.481252E-05
C:\Users\Tawfik\Desktop\IMG\robocam_2020_11_06_05_28_46_502.jpg;-12.35807;0;0;0;100.4851;85.96935;0.0002365311;266.8125;1.735089E-05
C:\Users\Tawfik\Desktop\IMG\robocam_2020_11_06_05_28_46_544.jpg;-9.939453;0;0;0;100.4851;85.96935;0.0002357007;265.6197;1.971346E-05
C:\Users\Tawfik\Desktop\IMG\robocam_2020_11_06_05_28_46_595.jpg;-12.47379;0;0;0;100.4851;85.96935;0.0002358189;264.1229;2.340589E-05
C:\Users\Tawfik\Desktop\IMG\robocam_2020_11_06_05_28_46_628.jpg;-14.97206;0;0;0;100.4851;85.96935;0.0002353715;262.3262;2.786854E-05
C:\Users\Tawfik\Desktop\IMG\robocam_2020_11_06_05_28_46_670.jpg;-12.45912;0;0;0;100.4851;85.96935;0.0002359027;260.8311;3.020974E-05
C:\Users\Tawfik\Desktop\IMG\robocam_2020_11_06_05_28_46_753.jpg;-15;0;0;0;100.4851;85.96935;0.0002362678;257.2335;3.441929E-05
C:\Users\Tawfik\Desktop\IMG\robocam_2020_11_06_05_28_46_795.jpg;-12.38799;0;0;0;100.4851;85.96935;0.0002353818;255.747;3.567592E-05
C:\Users\Tawfik\Desktop\IMG\robocam_2020_11_06_05_28_46_839.jpg;-9.905018;0;0;0;100.4851;85.96935;0.0002363738;253.9641;3.580007E-05
C:\Users\Tawfik\Desktop\IMG\robocam_2020_11_06_05_28_46_882.jpg;-7.258983;0;0;0;100.4851;85.96935;0.0002372157;253.093;3.440991E-05
C:\Users\Tawfik\Desktop\IMG\robocam_2020_11_06_05_28_46_930.jpg;-4.63681;0;0;0;100.4851;85.96935;0.00023877;252.5366;3.066227E-05
C:\Users\Tawfik\Desktop\IMG\robocam_2020_11_06_05_28_46_974.jpg;-1.808902;0;0;0;100.4851;85.96935;0.0002402395;252.3195;2.545633E-05
C:\Users\Tawfik\Desktop\IMG\robocam_2020_11_06_05_28_47_020.jpg;0.8777779;0;0;0;100.4851;85.96935;0.0002424896;252.4775;1.49553E-05
C:\Users\Tawfik\Desktop\IMG\robocam_2020_11_06_05_28_47_064.jpg;3.559839;0;0;0;100.4851;85.96935;0.000243793;252.9047;7.893475E-06
C:\Users\Tawfik\Desktop\IMG\robocam_2020_11_06_05_28_47_109.jpg;6.260965;0;0;0;100.4851;85.96935;0.0002449475;253.656;8.098903E-08
C:\Users\Tawfik\Desktop\IMG\robocam_2020_11_06_05_28_47_155.jpg;9.005198;0;0;0;100.4851;85.96935;0.0002451217;254.7366;-9.230042E-06
C:\Users\Tawfik\Desktop\IMG\robocam_2020_11_06_05_28_47_200.jpg;11.69126;0;0;0;100.4851;85.96935;0.0002454329;256.8411;-2.291261E-05
C:\Users\Tawfik\Desktop\IMG\robocam_2020_11_06_05_28_47_245.jpg;14.4105;0;0;0;100.4851;85.96935;0.0002450008;258.5704;-3.246074E-05
C:\Users\Tawfik\Desktop\IMG\robocam_2020_11_06_05_28_47_290.jpg;15;0;0;0;100.4851;85.96935;0.0002430715;260.3704;-4.269935E-05
C:\Users\Tawfik\Desktop\IMG\robocam_2020_11_06_05_28_47_336.jpg;15;0;0;0;100.4851;85.96935;0.0002411453;262.1703;-5.048847E-05
C:\Users\Tawfik\Desktop\IMG\robocam_2020_11_06_05_28_47_379.jpg;15;0;0;0;100.4851;85.96935;0.0002386163;264.8704;-6.113359E-05
C:\Users\Tawfik\Desktop\IMG\robocam_2020_11_06_05_28_47_424.jpg;15;0;0;0;100.4851;85.96935;0.000236363;266.6703;-6.547919E-05
C:\Users\Tawfik\Desktop\IMG\robocam_2020_11_06_05_28_47_465.jpg;15;0;0;0;100.4851;85.96935;0.0002346802;268.4703;-7.032975E-05
C:\Users\Tawfik\Desktop\IMG\robocam_2020_11_06_05_28_47_509.jpg;15;0;0;0;100.4851;85.96935;0.0002326926;270.2704;-7.408253E-05
C:\Users\Tawfik\Desktop\IMG\robocam_2020_11_06_05_28_47_552.jpg;12.34929;0;0;0;100.4851;85.96935;0.0002323731;271.7523;-7.593816E-05
C:\Users\Tawfik\Desktop\IMG\robocam_2020_11_06_05_28_47_592.jpg;9.838278;0;0;0;100.4851;85.96935;0.0002324851;272.9329;-7.627418E-05
C:\Users\Tawfik\Desktop\IMG\robocam_2020_11_06_05_28_47_634.jpg;7.41712;0;0;0;100.4851;85.96935;0.0002336952;273.8229;-7.505134E-05
C:\Users\Tawfik\Desktop\IMG\robocam_2020_11_06_05_28_47_676.jpg;4.933637;0;0;0;100.4851;85.96935;0.0002345287;274.4149;-7.219975E-05
C:\Users\Tawfik\Desktop\IMG\robocam_2020_11_06_05_28_47_716.jpg;2.4442;0;0;0;100.4851;85.96935;0.000234331;274.7083;-6.78993E-05
C:\Users\Tawfik\Desktop\IMG\robocam_2020_11_06_05_28_47_799.jpg;-2.306563;0;0;0;100.4851;85.96935;0.0002362919;274.2978;-4.970133E-05
C:\Users\Tawfik\Desktop\IMG\robocam_2020_11_06_05_28_47_879.jpg;-7.190011;0;0;0;100.4851;85.96935;0.0002394964;272.7118;-2.935108E-05
C:\Users\Tawfik\Desktop\IMG\robocam_2020_11_06_05_28_47_919.jpg;-9.714781;0;0;0;100.4851;85.96935;0.0002392707;271.546;-1.739027E-05
C:\Users\Tawfik\Desktop\IMG\robocam_2020_11_06_05_28_47_966.jpg;-7.265936;0;0;0;100.4851;85.96935;0.0002402924;270.6741;-8.33669E-06
C:\Users\Tawfik\Desktop\IMG\robocam_2020_11_06_05_28_48_044.jpg;-12.35753;0;0;0;100.4851;85.96935;0.0002416459;267.9873;1.268373E-05
C:\Users\Tawfik\Desktop\IMG\robocam_2020_11_06_05_28_48_086.jpg;-9.915975;0;0;0;100.4851;85.96935;0.0002402788;266.7974;2.072644E-05
C:\Users\Tawfik\Desktop\IMG\robocam_2020_11_06_05_28_48_127.jpg;-7.393181;0;0;0;100.4851;85.96935;0.0002397107;265.9102;2.782016E-05
C:\Users\Tawfik\Desktop\IMG\robocam_2020_11_06_05_28_48_210.jpg;-7.333447;0;0;0;100.4851;85.96935;0.0002361022;264.4374;4.022538E-05
C:\Users\Tawfik\Desktop\IMG\robocam_2020_11_06_05_28_48_292.jpg;-7.505671;0;0;0;100.4851;85.96935;0.0002343732;262.3488;4.923086E-05
C:\Users\Tawfik\Desktop\IMG\robocam_2020_11_06_05_28_48_334.jpg;-4.955473;0;0;0;100.4851;85.96935;0.0002331835;261.7542;5.148754E-05
C:\Users\Tawfik\Desktop\IMG\robocam_2020_11_06_05_28_48_378.jpg;-2.414512;0;0;0;100.4851;85.96935;0.0002348666;261.3196;5.29844E-05
C:\Users\Tawfik\Desktop\IMG\robocam_2020_11_06_05_28_48_419.jpg;0;0;0;0;100.4851;85.96935;0.0002345005;261.3196;5.216728E-05
C:\Users\Tawfik\Desktop\IMG\robocam_2020_11_06_05_28_48_462.jpg;0;0;0;0;100.4851;85.96935;0.0002341708;261.3196;5.087129E-05
C:\Users\Tawfik\Desktop\IMG\robocam_2020_11_06_05_28_48_507.jpg;2.588661;0;0;0;100.4851;85.96935;0.0002332117;261.6302;4.766632E-05
C:\Users\Tawfik\Desktop\IMG\robocam_2020_11_06_05_28_48_550.jpg;5.23308;0;0;0;100.4851;85.96935;0.0002341682;262.2582;4.23854E-05
C:\Users\Tawfik\Desktop\IMG\robocam_2020_11_06_05_28_48_594.jpg;7.803677;0;0;0;100.4851;85.96935;0.0002333192;263.1946;3.526816E-05
C:\Users\Tawfik\Desktop\IMG\robocam_2020_11_06_05_28_48_638.jpg;10.48989;0;0;0;100.4851;85.96935;0.0002337351;265.0828;2.457875E-05
C:\Users\Tawfik\Desktop\IMG\robocam_2020_11_06_05_28_48_680.jpg;13.07861;0;0;0;100.4851;85.96935;0.0002344286;266.6522;1.572186E-05
C:\Users\Tawfik\Desktop\IMG\robocam_2020_11_06_05_28_48_723.jpg;15;0;0;0;100.4851;85.96935;0.0002342962;268.4522;6.371183E-06
C:\Users\Tawfik\Desktop\IMG\robocam_2020_11_06_05_28_48_764.jpg;15;0;0;0;100.4851;85.96935;0.0002339303;270.2523;-1.949761E-06
C:\Users\Tawfik\Desktop\IMG\robocam_2020_11_06_05_28_48_807.jpg;15;0;0;0;100.4851;85.96935;0.0002335778;272.0522;-1.006359E-05
C:\Users\Tawfik\Desktop\IMG\robocam_2020_11_06_05_28_48_848.jpg;12.40033;0;0;0;100.4851;85.96935;0.0002335853;273.5403;-1.489648E-05
C:\Users\Tawfik\Desktop\IMG\robocam_2020_11_06_05_28_48_889.jpg;14.83596;0;0;0;100.4851;85.96935;0.0002321079;275.3206;-2.173808E-05
C:\Users\Tawfik\Desktop\IMG\robocam_2020_11_06_05_28_48_932.jpg;15;0;0;0;100.4851;85.96935;0.000231332;277.1206;-2.846765E-05
C:\Users\Tawfik\Desktop\IMG\robocam_2020_11_06_05_28_48_973.jpg;15;0;0;0;100.4851;85.96935;0.0002303674;278.9206;-3.287585E-05
C:\Users\Tawfik\Desktop\IMG\robocam_2020_11_06_05_28_49_015.jpg;15;0;0;0;100.4851;85.96935;0.0002286972;280.7206;-3.706004E-05
C:\Users\Tawfik\Desktop\IMG\robocam_2020_11_06_05_28_49_094.jpg;10.07776;0;0;0;100.4851;85.96935;0.0002269919;283.4268;-4.165818E-05
C:\Users\Tawfik\Desktop\IMG\robocam_2020_11_06_05_28_49_136.jpg;7.758851;0;0;0;100.4851;85.96935;0.0002262935;284.3578;-4.202927E-05
C:\Users\Tawfik\Desktop\IMG\robocam_2020_11_06_05_28_49_214.jpg;2.90173;0;0;0;100.4851;85.96935;0.0002256335;285.3381;-3.89359E-05
C:\Users\Tawfik\Desktop\IMG\robocam_2020_11_06_05_28_49_254.jpg;0.5929604;0;0;0;100.4851;85.96935;0.0002272929;285.4093;-3.459155E-05
C:\Users\Tawfik\Desktop\IMG\robocam_2020_11_06_05_28_49_332.jpg;-4.206811;0;0;0;100.4851;85.96935;0.0002294604;284.6861;-2.30059E-05
C:\Users\Tawfik\Desktop\IMG\robocam_2020_11_06_05_28_49_373.jpg;-6.537418;0;0;0;100.4851;85.96935;0.0002301341;283.9016;-1.450981E-05
C:\Users\Tawfik\Desktop\IMG\robocam_2020_11_06_05_28_49_452.jpg;-6.744334;0;0;0;100.4851;85.96935;0.0002315859;282.0156;8.103136E-08
C:\Users\Tawfik\Desktop\IMG\robocam_2020_11_06_05_28_49_535.jpg;-1.96201;0;0;0;100.4851;85.96935;0.0002334336;281.2685;9.504694E-06
C:\Users\Tawfik\Desktop\IMG\robocam_2020_11_06_05_28_49_612.jpg;0;0;0;0;100.4851;85.96935;0.0002338946;281.2685;1.417776E-05
C:\Users\Tawfik\Desktop\IMG\robocam_2020_11_06_05_28_49_653.jpg;0;0;0;0;100.4851;85.96935;0.0002340007;281.2685;1.52531E-05
C:\Users\Tawfik\Desktop\IMG\robocam_2020_11_06_05_28_49_732.jpg;0;0;0;0;100.4851;85.96935;0.0002341618;281.2685;1.688602E-05
C:\Users\Tawfik\Desktop\IMG\robocam_2020_11_06_05_28_49_810.jpg;-0.03317736;0;0;0;100.4851;85.96935;0.0002331804;280.9764;1.888358E-05
C:\Users\Tawfik\Desktop\IMG\robocam_2020_11_06_05_28_49_850.jpg;0;0;0;0;100.4851;85.96935;0.0002327669;280.9764;1.904392E-05
C:\Users\Tawfik\Desktop\IMG\robocam_2020_11_06_05_28_49_928.jpg;0;0;0;0;100.4851;85.96935;0.0002323114;280.9764;1.876606E-05
C:\Users\Tawfik\Desktop\IMG\robocam_2020_11_06_05_28_49_970.jpg;0;0;0;0;100.4851;85.96935;0.0002322706;280.9764;1.834112E-05
C:\Users\Tawfik\Desktop\IMG\robocam_2020_11_06_05_28_50_048.jpg;-2.371507;0;0;0;100.4851;85.96935;0.0002332151;280.6919;1.805105E-05
C:\Users\Tawfik\Desktop\IMG\robocam_2020_11_06_05_28_50_089.jpg;-0.01511313;0;0;0;100.4851;85.96935;0.0002341997;280.6901;1.712456E-05
C:\Users\Tawfik\Desktop\IMG\robocam_2020_11_06_05_28_50_168.jpg;-0.2135362;0;0;0;100.4851;85.96935;0.0002346339;280.3656;1.603171E-05
C:\Users\Tawfik\Desktop\IMG\robocam_2020_11_06_05_28_50_248.jpg;-0.3213052;0;0;0;100.4851;85.96935;0.0002357697;280.0086;1.563492E-05
C:\Users\Tawfik\Desktop\IMG\robocam_2020_11_06_05_28_50_289.jpg;0;0;0;0;100.4851;85.96935;0.0002356731;280.0086;1.45319E-05
C:\Users\Tawfik\Desktop\IMG\robocam_2020_11_06_05_28_50_329.jpg;0;0;0;0;100.4851;85.96935;0.0002355637;280.0086;1.32827E-05
C:\Users\Tawfik\Desktop\IMG\robocam_2020_11_06_05_28_50_407.jpg;0;0;0;0;100.4851;85.96935;0.0002353158;280.0086;1.045207E-05
C:\Users\Tawfik\Desktop\IMG\robocam_2020_11_06_05_28_50_489.jpg;0;0;0;0;100.4851;85.96935;0.000234787;280.0086;9.306547E-06
C:\Users\Tawfik\Desktop\IMG\robocam_2020_11_06_05_28_50_566.jpg;0;0;0;0;100.4851;85.96935;0.0002341096;280.0086;8.910562E-06
C:\Users\Tawfik\Desktop\IMG\robocam_2020_11_06_05_28_50_645.jpg;-2.382284;0;0;0;100.4851;85.96935;0.000233614;279.7227;8.975676E-06
C:\Users\Tawfik\Desktop\IMG\robocam_2020_11_06_05_28_50_686.jpg;-4.68351;0;0;0;100.4851;85.96935;0.0002334975;279.1607;9.250841E-06
C:\Users\Tawfik\Desktop\IMG\robocam_2020_11_06_05_28_50_765.jpg;-9.499499;0;0;0;100.4851;85.96935;0.0002341496;277.1603;1.322521E-05
C:\Users\Tawfik\Desktop\IMG\robocam_2020_11_06_05_28_50_805.jpg;-11.90193;0;0;0;100.4851;85.96935;0.0002344411;275.7321;1.708515E-05
C:\Users\Tawfik\Desktop\IMG\robocam_2020_11_06_05_28_50_847.jpg;-9.468348;0;0;0;100.4851;85.96935;0.0002349009;274.5959;1.940527E-05
C:\Users\Tawfik\Desktop\IMG\robocam_2020_11_06_05_28_50_889.jpg;-6.980733;0;0;0;100.4851;85.96935;0.0002345065;273.7582;2.01244E-05
C:\Users\Tawfik\Desktop\IMG\robocam_2020_11_06_05_28_50_970.jpg;-2.125562;0;0;0;100.4851;85.96935;0.0002345101;272.9689;1.919997E-05
C:\Users\Tawfik\Desktop\IMG\robocam_2020_11_06_05_28_51_013.jpg;0;0;0;0;100.4851;85.96935;0.0002344639;272.9689;1.741632E-05
C:\Users\Tawfik\Desktop\IMG\robocam_2020_11_06_05_28_51_093.jpg;0;0;0;0;100.4851;85.96935;0.0002343612;272.9689;1.34556E-05
C:\Users\Tawfik\Desktop\IMG\robocam_2020_11_06_05_28_51_173.jpg;0;0;0;0;100.4851;85.96935;0.0002342491;272.9689;9.128157E-06
C:\Users\Tawfik\Desktop\IMG\robocam_2020_11_06_05_28_51_243.jpg;0;0;0;0;100.4851;85.96935;0.000234132;272.9689;4.610676E-06
C:\Users\Tawfik\Desktop\IMG\robocam_2020_11_06_05_28_51_294.jpg;0;0;0;0;100.4851;85.96935;0.0002340728;272.9689;2.323598E-06
C:\Users\Tawfik\Desktop\IMG\robocam_2020_11_06_05_28_51_337.jpg;0;0;0;0;100.4851;85.96935;0.0002341974;272.9689;-1.102549E-06
C:\Users\Tawfik\Desktop\IMG\robocam_2020_11_06_05_28_51_377.jpg;0;0;0;0;100.4851;85.96935;0.0002337117;272.9689;-3.368565E-06
C:\Users\Tawfik\Desktop\IMG\robocam_2020_11_06_05_28_51_420.jpg;0;0;0;0;100.4851;85.96935;0.000234081;272.9689;-5.596692E-06
C:\Users\Tawfik\Desktop\IMG\robocam_2020_11_06_05_28_51_499.jpg;0;0;0;0;100.4851;85.96935;0.0002339963;272.9689;-8.867281E-06
C:\Users\Tawfik\Desktop\IMG\robocam_2020_11_06_05_28_51_581.jpg;-2.326808;0;0;0;100.4851;85.96935;0.000234625;272.6897;-9.687335E-06
C:\Users\Tawfik\Desktop\IMG\robocam_2020_11_06_05_28_51_660.jpg;-7.200069;0;0;0;100.4851;85.96935;0.0002347151;271.2422;-7.96934E-06
C:\Users\Tawfik\Desktop\IMG\robocam_2020_11_06_05_28_51_700.jpg;-9.597415;0;0;0;100.4851;85.96935;0.0002369181;270.0905;-5.302463E-06
C:\Users\Tawfik\Desktop\IMG\robocam_2020_11_06_05_28_51_740.jpg;-7.194681;0;0;0;100.4851;85.96935;0.0002367368;269.2272;-3.360253E-06
C:\Users\Tawfik\Desktop\IMG\robocam_2020_11_06_05_28_51_821.jpg;-2.387749;0;0;0;100.4851;85.96935;0.0002386957;268.3679;-2.932332E-06
C:\Users\Tawfik\Desktop\IMG\robocam_2020_11_06_05_28_51_866.jpg;0;0;0;0;100.4851;85.96935;0.0002391499;268.3679;-4.843714E-06
C:\Users\Tawfik\Desktop\IMG\robocam_2020_11_06_05_28_51_949.jpg;0;0;0;0;100.4851;85.96935;0.0002394163;268.3679;-8.563883E-06
C:\Users\Tawfik\Desktop\IMG\robocam_2020_11_06_05_28_51_990.jpg;0;0;0;0;100.4851;85.96935;0.0002394418;268.3679;-1.034962E-05
C:\Users\Tawfik\Desktop\IMG\robocam_2020_11_06_05_28_52_030.jpg;0;0;0;0;100.4851;85.96935;0.0002394663;268.3679;-1.206867E-05
C:\Users\Tawfik\Desktop\IMG\robocam_2020_11_06_05_28_52_076.jpg;0;0;0;0;100.4851;85.96935;0.0002394896;268.3679;-1.370768E-05
C:\Users\Tawfik\Desktop\IMG\robocam_2020_11_06_05_28_52_155.jpg;0;0;0;0;100.4851;85.96935;0.000239532;268.3679;-1.668225E-05
C:\Users\Tawfik\Desktop\IMG\robocam_2020_11_06_05_28_52_196.jpg;0;0;0;0;100.4851;85.96935;0.0002395504;268.3679;-1.797778E-05
C:\Users\Tawfik\Desktop\IMG\robocam_2020_11_06_05_28_52_237.jpg;0;0;0;0;100.4851;85.96935;0.0002395739;268.3679;-1.962347E-05
C:\Users\Tawfik\Desktop\IMG\robocam_2020_11_06_05_28_52_279.jpg;0;0;0;0;100.4851;85.96935;0.0002395863;268.3679;-2.049883E-05
C:\Users\Tawfik\Desktop\IMG\robocam_2020_11_06_05_28_52_361.jpg;0;0;0;0;100.4851;85.96935;0.0002396029;268.3679;-2.165931E-05
C:\Users\Tawfik\Desktop\IMG\robocam_2020_11_06_05_28_52_402.jpg;0;0;0;0;100.4851;85.96935;0.0002396065;268.3679;-2.191775E-05
C:\Users\Tawfik\Desktop\IMG\robocam_2020_11_06_05_28_52_444.jpg;0;0;0;0;100.4851;85.96935;0.000239607;268.3679;-2.195276E-05
C:\Users\Tawfik\Desktop\IMG\robocam_2020_11_06_05_28_52_526.jpg;0;0;0;0;100.4851;85.96935;0.0002395986;268.3679;-2.135751E-05
C:\Users\Tawfik\Desktop\IMG\robocam_2020_11_06_05_28_52_568.jpg;0;0;0;0;100.4851;85.96935;0.0002395899;268.3679;-2.07506E-05
C:\Users\Tawfik\Desktop\IMG\robocam_2020_11_06_05_28_52_648.jpg;0;0;0;0;100.4851;85.96935;0.0002395645;268.3679;-1.896819E-05
C:\Users\Tawfik\Desktop\IMG\robocam_2020_11_06_05_28_52_691.jpg;0;0;0;0;100.4851;85.96935;0.0002395483;268.3679;-1.782939E-05
C:\Users\Tawfik\Desktop\IMG\robocam_2020_11_06_05_28_52_733.jpg;0;0;0;0;100.4851;85.96935;0.0002395299;268.3679;-1.653885E-05
C:\Users\Tawfik\Desktop\IMG\robocam_2020_11_06_05_28_52_814.jpg;0;0;0;0;100.4851;85.96935;0.000239488;268.3679;-1.359263E-05
C:\Users\Tawfik\Desktop\IMG\robocam_2020_11_06_05_28_52_894.jpg;0;0;0;0;100.4851;85.96935;0.000239441;268.3679;-1.029293E-05
C:\Users\Tawfik\Desktop\IMG\robocam_2020_11_06_05_28_52_938.jpg;0;0;0;0;100.4851;85.96935;0.0002387632;268.3679;-7.669295E-06
C:\Users\Tawfik\Desktop\IMG\robocam_2020_11_06_05_28_52_979.jpg;0;0;0;0;100.4851;85.96935;0.0002383106;268.3679;-5.866292E-06
C:\Users\Tawfik\Desktop\IMG\robocam_2020_11_06_05_28_53_020.jpg;0;0;0;0;100.4851;85.96935;0.0002378575;268.3679;-4.031609E-06
C:\Users\Tawfik\Desktop\IMG\robocam_2020_11_06_05_28_53_060.jpg;0;0;0;0;100.4851;85.96935;0.0002374042;268.3679;-2.180253E-06
C:\Users\Tawfik\Desktop\IMG\robocam_2020_11_06_05_28_53_102.jpg;0;0;0;0;100.4851;85.96935;0.0002369508;268.3679;-3.205594E-07
C:\Users\Tawfik\Desktop\IMG\robocam_2020_11_06_05_28_53_143.jpg;0;0;0;0;100.4851;85.96935;0.0002364974;268.3679;1.535799E-06
C:\Users\Tawfik\Desktop\IMG\robocam_2020_11_06_05_28_53_186.jpg;0;0;0;0;100.4851;85.96935;0.0002360443;268.3679;3.375484E-06
C:\Users\Tawfik\Desktop\IMG\robocam_2020_11_06_05_28_53_225.jpg;0;0;0;0;100.4851;85.96935;0.0002355915;268.3679;5.186824E-06
C:\Users\Tawfik\Desktop\IMG\robocam_2020_11_06_05_28_53_268.jpg;0;0;0;0;100.4851;85.96935;0.0002351394;268.3679;6.959814E-06
C:\Users\Tawfik\Desktop\IMG\robocam_2020_11_06_05_28_53_349.jpg;0;0;0;0;100.4851;85.96935;0.0002350909;268.3679;1.036122E-05
C:\Users\Tawfik\Desktop\IMG\robocam_2020_11_06_05_28_53_390.jpg;0;0;0;0;100.4851;85.96935;0.0002350681;268.3679;1.196189E-05
C:\Users\Tawfik\Desktop\IMG\robocam_2020_11_06_05_28_53_470.jpg;0;0;0;0;100.4851;85.96935;0.00023507;268.3679;1.183017E-05
C:\Users\Tawfik\Desktop\IMG\robocam_2020_11_06_05_28_53_511.jpg;0;0;0;0;100.4851;85.96935;0.0002350657;268.3679;1.213196E-05
C:\Users\Tawfik\Desktop\IMG\robocam_2020_11_06_05_28_53_552.jpg;0;0;0;0;100.4851;85.96935;0.0002350627;268.3679;1.234038E-05
C:\Users\Tawfik\Desktop\IMG\robocam_2020_11_06_05_28_53_594.jpg;0;0;0;0;100.4851;85.96935;0.0002350612;268.3679;1.245042E-05
C:\Users\Tawfik\Desktop\IMG\robocam_2020_11_06_05_28_53_676.jpg;0;0;0;0;100.4851;85.96935;0.000235062;268.3679;1.23954E-05
C:\Users\Tawfik\Desktop\IMG\robocam_2020_11_06_05_28_53_717.jpg;2.560847;0;0;0;100.4851;85.96935;0.0002353242;268.8289;1.136522E-05
C:\Users\Tawfik\Desktop\IMG\robocam_2020_11_06_05_28_53_758.jpg;5.011666;0;0;0;100.4851;85.96935;0.0002360248;269.4303;9.367844E-06
C:\Users\Tawfik\Desktop\IMG\robocam_2020_11_06_05_28_53_800.jpg;7.492328;0;0;0;100.4851;85.96935;0.0002367268;270.3293;5.936422E-06
C:\Users\Tawfik\Desktop\IMG\robocam_2020_11_06_05_28_53_842.jpg;10.0017;0;0;0;100.4851;85.96935;0.0002373812;271.5295;8.214919E-07
C:\Users\Tawfik\Desktop\IMG\robocam_2020_11_06_05_28_53_885.jpg;7.465282;0;0;0;100.4851;85.96935;0.0002362756;272.4254;-2.796643E-06
C:\Users\Tawfik\Desktop\IMG\robocam_2020_11_06_05_28_53_926.jpg;4.879598;0;0;0;100.4851;85.96935;0.0002368746;273.0109;-4.922626E-06
C:\Users\Tawfik\Desktop\IMG\robocam_2020_11_06_05_28_53_968.jpg;2.433474;0;0;0;100.4851;85.96935;0.00023621;273.3029;-5.896578E-06
C:\Users\Tawfik\Desktop\IMG\robocam_2020_11_06_05_28_54_012.jpg;0;0;0;0;100.4851;85.96935;0.0002353525;273.3029;-6.011982E-06
C:\Users\Tawfik\Desktop\IMG\robocam_2020_11_06_05_28_54_055.jpg;0;0;0;0;100.4851;85.96935;0.0002347091;273.3029;-6.110202E-06
C:\Users\Tawfik\Desktop\IMG\robocam_2020_11_06_05_28_54_096.jpg;0;0;0;0;100.4851;85.96935;0.0002342797;273.3029;-6.19124E-06
C:\Users\Tawfik\Desktop\IMG\robocam_2020_11_06_05_28_54_174.jpg;0;0;0;0;100.4851;85.96935;0.0002342771;273.3029;-6.281249E-06
C:\Users\Tawfik\Desktop\IMG\robocam_2020_11_06_05_28_54_217.jpg;0;0;0;0;100.4851;85.96935;0.0002340632;273.3029;-6.295098E-06
C:\Users\Tawfik\Desktop\IMG\robocam_2020_11_06_05_28_54_295.jpg;0;0;0;0;100.4851;85.96935;0.0002338507;273.3029;-6.258942E-06
C:\Users\Tawfik\Desktop\IMG\robocam_2020_11_06_05_28_54_375.jpg;0;0;0;0;100.4851;85.96935;0.0002338544;273.3029;-6.132263E-06
C:\Users\Tawfik\Desktop\IMG\robocam_2020_11_06_05_28_54_454.jpg;0;0;0;0;100.4851;85.96935;0.0002338604;273.3029;-5.922242E-06
C:\Users\Tawfik\Desktop\IMG\robocam_2020_11_06_05_28_54_533.jpg;0;0;0;0;100.4851;85.96935;0.0002338685;273.3029;-5.642214E-06
C:\Users\Tawfik\Desktop\IMG\robocam_2020_11_06_05_28_54_613.jpg;0;0;0;0;100.4851;85.96935;0.0002338779;273.3029;-5.315514E-06
C:\Users\Tawfik\Desktop\IMG\robocam_2020_11_06_05_28_54_694.jpg;0;0;0;0;100.4851;85.96935;0.0002341023;273.3029;-4.938295E-06
C:\Users\Tawfik\Desktop\IMG\robocam_2020_11_06_05_28_54_735.jpg;0;0;0;0;100.4851;85.96935;0.0002338948;273.3029;-4.728789E-06
C:\Users\Tawfik\Desktop\IMG\robocam_2020_11_06_05_28_54_814.jpg;0;0;0;0;100.4851;85.96935;0.0002339005;273.3029;-4.532102E-06
C:\Users\Tawfik\Desktop\IMG\robocam_2020_11_06_05_28_54_896.jpg;0;0;0;0;100.4851;85.96935;0.0002341282;273.3029;-4.041538E-06
C:\Users\Tawfik\Desktop\IMG\robocam_2020_11_06_05_28_54_936.jpg;0;0;0;0;100.4851;85.96935;0.0002339219;273.3029;-3.788695E-06
C:\Users\Tawfik\Desktop\IMG\robocam_2020_11_06_05_28_54_976.jpg;0;0;0;0;100.4851;85.96935;0.0002343563;273.3029;-3.534306E-06
C:\Users\Tawfik\Desktop\IMG\robocam_2020_11_06_05_28_55_017.jpg;0;0;0;0;100.4851;85.96935;0.000233727;273.3029;-3.142478E-06
C:\Users\Tawfik\Desktop\IMG\robocam_2020_11_06_05_28_55_057.jpg;0;0;0;0;100.4851;85.96935;0.0002341614;273.3029;-2.88809E-06
C:\Users\Tawfik\Desktop\IMG\robocam_2020_11_06_05_28_55_098.jpg;0;0;0;0;100.4851;85.96935;0.0002345958;273.3029;-2.633701E-06
C:\Users\Tawfik\Desktop\IMG\robocam_2020_11_06_05_28_55_177.jpg;0;0;0;0;100.4851;85.96935;0.0002341833;273.3029;-2.128013E-06
C:\Users\Tawfik\Desktop\IMG\robocam_2020_11_06_05_28_55_220.jpg;0;0;0;0;100.4851;85.96935;0.0002346173;273.3029;-1.890293E-06
C:\Users\Tawfik\Desktop\IMG\robocam_2020_11_06_05_28_55_300.jpg;0;0;0;0;100.4851;85.96935;0.0002337765;273.3029;-1.425639E-06
C:\Users\Tawfik\Desktop\IMG\robocam_2020_11_06_05_28_55_381.jpg;0;0;0;0;100.4851;85.96935;0.0002337889;273.3029;-9.955961E-07
C:\Users\Tawfik\Desktop\IMG\robocam_2020_11_06_05_28_55_423.jpg;0;0;0;0;100.4851;85.96935;0.0002337947;273.3029;-7.955759E-07
C:\Users\Tawfik\Desktop\IMG\robocam_2020_11_06_05_28_55_463.jpg;0;0;0;0;100.4851;85.96935;0.0002338;273.3029;-6.122245E-07
C:\Users\Tawfik\Desktop\IMG\robocam_2020_11_06_05_28_55_503.jpg;0;0;0;0;100.4851;85.96935;0.0002338047;273.3029;-4.488745E-07
C:\Users\Tawfik\Desktop\IMG\robocam_2020_11_06_05_28_55_584.jpg;-4.779732;0;0;0;100.4851;85.96935;0.0002332538;272.4366;5.688758E-06
